{
  "completed": 128,
  "failed": 0,
  "total_input": 592717,
  "total_input_text": 69965,
  "total_input_vision": 522752,
  "total_output": 4096,
  "duration_s": 44.37639217404649,
  "request_throughput": 2.8844165496369656,
  "output_throughput": 92.3013295883829,
  "mean_ttft_ms": 9476.377129922184,
  "median_ttft_ms": 10417.751474073157,
  "p99_ttft_ms": 11450.145284836182,
  "mean_itl_ms": 11.82154236200091,
  "median_itl_ms": 5.6246500462293625,
  "p99_itl_ms": 155.09395989123732,
  "mean_e2e_latency_ms": 9830.483243760682,
  "median_e2e_latency_ms": 10775.996340205893,
  "p99_e2e_latency_ms": 11809.712518593298
}