{
  "completed": 128,
  "failed": 0,
  "total_input": 592725,
  "total_input_text": 69973,
  "total_input_vision": 522752,
  "total_output": 4096,
  "duration_s": 44.341512826271355,
  "request_throughput": 2.8866854521066965,
  "output_throughput": 92.37393446741429,
  "mean_ttft_ms": 9438.894363505824,
  "median_ttft_ms": 10357.286723796278,
  "p99_ttft_ms": 11245.333886542358,
  "mean_itl_ms": 11.90788542132069,
  "median_itl_ms": 5.626833066344261,
  "p99_itl_ms": 155.8637079782784,
  "mean_e2e_latency_ms": 9790.657271427335,
  "median_e2e_latency_ms": 10706.548743881285,
  "p99_e2e_latency_ms": 11608.949472075328
}