{
  "completed": 128,
  "failed": 0,
  "total_input": 592801,
  "total_input_text": 70049,
  "total_input_vision": 522752,
  "total_output": 4096,
  "duration_s": 44.28221882134676,
  "request_throughput": 2.890550731353509,
  "output_throughput": 92.49762340331229,
  "mean_ttft_ms": 9468.393329596438,
  "median_ttft_ms": 10377.61395284906,
  "p99_ttft_ms": 11428.863839027474,
  "mean_itl_ms": 11.865598116405856,
  "median_itl_ms": 5.627547390758991,
  "p99_itl_ms": 155.49053407739848,
  "mean_e2e_latency_ms": 9822.150188469095,
  "median_e2e_latency_ms": 10737.392386654392,
  "p99_e2e_latency_ms": 11787.60781453457
}