{
  "completed": 128,
  "failed": 0,
  "total_input": 408584,
  "total_input_text": 69896,
  "total_input_vision": 338688,
  "total_output": 4096,
  "duration_s": 21.068321915809065,
  "request_throughput": 6.0754720053879785,
  "output_throughput": 194.4151041724153,
  "mean_ttft_ms": 11722.151478908927,
  "median_ttft_ms": 11879.288599826396,
  "p99_ttft_ms": 20213.044648235664,
  "mean_itl_ms": 32.65557579063356,
  "median_itl_ms": 7.3776275385171175,
  "p99_itl_ms": 120.45518478844313,
  "mean_e2e_latency_ms": 12717.137342318892,
  "median_e2e_latency_ms": 12720.899879466742,
  "p99_e2e_latency_ms": 20558.176645999774
}