{
  "completed": 128,
  "failed": 0,
  "total_input": 408727,
  "total_input_text": 70039,
  "total_input_vision": 338688,
  "total_output": 4096,
  "duration_s": 21.27190062822774,
  "request_throughput": 6.017327846583884,
  "output_throughput": 192.55449109068428,
  "mean_ttft_ms": 12116.227958722448,
  "median_ttft_ms": 12368.60255454667,
  "p99_ttft_ms": 20420.292628044263,
  "mean_itl_ms": 35.48180037816316,
  "median_itl_ms": 8.738455595448613,
  "p99_itl_ms": 117.17625596560538,
  "mean_e2e_latency_ms": 13208.413554042636,
  "median_e2e_latency_ms": 14004.198051989079,
  "p99_e2e_latency_ms": 20748.235157961026
}