{
  "completed": 128,
  "failed": 0,
  "total_input": 408559,
  "total_input_text": 69871,
  "total_input_vision": 338688,
  "total_output": 4096,
  "duration_s": 21.739333449397236,
  "request_throughput": 5.88794501441115,
  "output_throughput": 188.4142404611568,
  "mean_ttft_ms": 12019.71666632744,
  "median_ttft_ms": 12172.853633994237,
  "p99_ttft_ms": 20885.287585766055,
  "mean_itl_ms": 26.865356627083663,
  "median_itl_ms": 7.18254316598177,
  "p99_itl_ms": 90.23771233856678,
  "mean_e2e_latency_ms": 12842.270215776807,
  "median_e2e_latency_ms": 13129.593807971105,
  "p99_e2e_latency_ms": 21210.817187950015
}