{
  "completed": 128,
  "failed": 0,
  "total_input": 854044,
  "total_input_text": 69916,
  "total_input_vision": 784128,
  "total_output": 4096,
  "duration_s": 68.79446213878691,
  "request_throughput": 1.86061488120615,
  "output_throughput": 59.5396761985968,
  "mean_ttft_ms": 14975.123796910339,
  "median_ttft_ms": 16599.30366417393,
  "p99_ttft_ms": 17142.61788455304,
  "mean_itl_ms": 5.812415356821108,
  "median_itl_ms": 5.683172727003694,
  "p99_itl_ms": 12.344716549851,
  "mean_e2e_latency_ms": 15155.141686918796,
  "median_e2e_latency_ms": 16774.41848698072,
  "p99_e2e_latency_ms": 17318.42906052247
}