{
  "completed": 128,
  "failed": 0,
  "total_input": 854186,
  "total_input_text": 70058,
  "total_input_vision": 784128,
  "total_output": 4096,
  "duration_s": 69.32225850364193,
  "request_throughput": 1.846448785180237,
  "output_throughput": 59.08636112576758,
  "mean_ttft_ms": 15104.66975163581,
  "median_ttft_ms": 16781.424498418346,
  "p99_ttft_ms": 17552.5234842347,
  "mean_itl_ms": 5.646005625045115,
  "median_itl_ms": 5.68056502379477,
  "p99_itl_ms": 7.240134356543421,
  "mean_e2e_latency_ms": 15279.710082046222,
  "median_e2e_latency_ms": 16956.614720867947,
  "p99_e2e_latency_ms": 17727.293829428967
}