{
  "completed": 128,
  "failed": 0,
  "total_input": 854092,
  "total_input_text": 69964,
  "total_input_vision": 784128,
  "total_output": 4096,
  "duration_s": 69.33536847587675,
  "request_throughput": 1.8460996575583777,
  "output_throughput": 59.075189041868086,
  "mean_ttft_ms": 15128.783917785768,
  "median_ttft_ms": 16767.095947638154,
  "p99_ttft_ms": 17830.269689341076,
  "mean_itl_ms": 5.647625210141057,
  "median_itl_ms": 5.681140348315239,
  "p99_itl_ms": 7.386985761113461,
  "mean_e2e_latency_ms": 15303.874824869126,
  "median_e2e_latency_ms": 16942.01959320344,
  "p99_e2e_latency_ms": 18005.22208393086
}