{
  "completed": 128,
  "failed": 0,
  "total_input": 634485,
  "total_input_text": 70005,
  "total_input_vision": 564480,
  "total_output": 4096,
  "duration_s": 45.10284887207672,
  "request_throughput": 2.8379582044371725,
  "output_throughput": 90.81466254198952,
  "mean_ttft_ms": 4968.336823651043,
  "median_ttft_ms": 5161.196795059368,
  "p99_ttft_ms": 5780.670738886111,
  "mean_itl_ms": 12.752051135748903,
  "median_itl_ms": 5.650660023093224,
  "p99_itl_ms": 146.97911443188787,
  "mean_e2e_latency_ms": 5340.651807870017,
  "median_e2e_latency_ms": 5536.115649389103,
  "p99_e2e_latency_ms": 6147.028450383806
}