{
  "completed": 128,
  "failed": 0,
  "total_input": 634559,
  "total_input_text": 70079,
  "total_input_vision": 564480,
  "total_output": 4096,
  "duration_s": 45.19950817618519,
  "request_throughput": 2.8318892210300843,
  "output_throughput": 90.6204550729627,
  "mean_ttft_ms": 4980.444218424964,
  "median_ttft_ms": 5187.097031157464,
  "p99_ttft_ms": 5786.45811088849,
  "mean_itl_ms": 12.754867570190255,
  "median_itl_ms": 5.641676252707839,
  "p99_itl_ms": 147.16416684910655,
  "mean_e2e_latency_ms": 5352.343923110311,
  "median_e2e_latency_ms": 5561.289931414649,
  "p99_e2e_latency_ms": 6158.890728764238
}