{
  "completed": 128,
  "failed": 0,
  "total_input": 634395,
  "total_input_text": 69915,
  "total_input_vision": 564480,
  "total_output": 4096,
  "duration_s": 46.37096300115809,
  "request_throughput": 2.7603481082936163,
  "output_throughput": 88.33113946539572,
  "mean_ttft_ms": 5143.516458214435,
  "median_ttft_ms": 5336.712587857619,
  "p99_ttft_ms": 6057.868305495941,
  "mean_itl_ms": 12.29627357437283,
  "median_itl_ms": 5.618461407721043,
  "p99_itl_ms": 147.59261218365282,
  "mean_e2e_latency_ms": 5496.857136968174,
  "median_e2e_latency_ms": 5647.1874457784,
  "p99_e2e_latency_ms": 6433.763737874107
}