{
  "completed": 128,
  "failed": 0,
  "total_input": 331531,
  "total_input_text": 70155,
  "total_input_vision": 261376,
  "total_output": 4096,
  "duration_s": 19.2175310542807,
  "request_throughput": 6.660585048019893,
  "output_throughput": 213.13872153663658,
  "mean_ttft_ms": 10565.56984281633,
  "median_ttft_ms": 10572.562958812341,
  "p99_ttft_ms": 18497.086430736817,
  "mean_itl_ms": 19.424951245450668,
  "median_itl_ms": 6.65380759164691,
  "p99_itl_ms": 76.44853385165332,
  "mean_e2e_latency_ms": 11161.229636934877,
  "median_e2e_latency_ms": 11298.36431890726,
  "p99_e2e_latency_ms": 18806.286282246
}