{
  "completed": 128,
  "failed": 0,
  "total_input": 331492,
  "total_input_text": 70116,
  "total_input_vision": 261376,
  "total_output": 4096,
  "duration_s": 19.834038679022342,
  "request_throughput": 6.453552000752142,
  "output_throughput": 206.51366402406853,
  "mean_ttft_ms": 10858.20954117662,
  "median_ttft_ms": 10948.584091383964,
  "p99_ttft_ms": 19119.894569781613,
  "mean_itl_ms": 16.79556695098924,
  "median_itl_ms": 6.157591938972473,
  "p99_itl_ms": 78.4135292749852,
  "mean_e2e_latency_ms": 11375.079146302596,
  "median_e2e_latency_ms": 11406.042212853208,
  "p99_e2e_latency_ms": 19428.09071108699
}