{
  "completed": 128,
  "failed": 0,
  "total_input": 331427,
  "total_input_text": 70051,
  "total_input_vision": 261376,
  "total_output": 4096,
  "duration_s": 19.20936669362709,
  "request_throughput": 6.663415928358813,
  "output_throughput": 213.229309707482,
  "mean_ttft_ms": 10657.858815437066,
  "median_ttft_ms": 10971.552547533065,
  "p99_ttft_ms": 18504.470535917208,
  "mean_itl_ms": 19.834058150830977,
  "median_itl_ms": 6.493961671367288,
  "p99_itl_ms": 78.25375332031399,
  "mean_e2e_latency_ms": 11267.147807866422,
  "median_e2e_latency_ms": 11532.056133029982,
  "p99_e2e_latency_ms": 18814.5326053584
}