{
  "completed": 128,
  "failed": 0,
  "total_input": 183114,
  "total_input_text": 70218,
  "total_input_vision": 112896,
  "total_output": 4096,
  "duration_s": 7.548412594944239,
  "request_throughput": 16.957207676449958,
  "output_throughput": 542.6306456463986,
  "mean_ttft_ms": 4065.476227362524,
  "median_ttft_ms": 3972.944346955046,
  "p99_ttft_ms": 7158.027186235413,
  "mean_itl_ms": 73.77426488939503,
  "median_itl_ms": 12.235070578753948,
  "p99_itl_ms": 266.0344070754945,
  "mean_e2e_latency_ms": 6140.961119992426,
  "median_e2e_latency_ms": 5804.70836837776,
  "p99_e2e_latency_ms": 7373.270770995878
}