{
  "completed": 128,
  "failed": 0,
  "total_input": 182980,
  "total_input_text": 70084,
  "total_input_vision": 112896,
  "total_output": 4096,
  "duration_s": 7.807344967965037,
  "request_throughput": 16.39481802395147,
  "output_throughput": 524.634176766447,
  "mean_ttft_ms": 4397.892286051501,
  "median_ttft_ms": 4199.997945455834,
  "p99_ttft_ms": 7411.225224821828,
  "mean_itl_ms": 72.14231942131795,
  "median_itl_ms": 12.021735310554504,
  "p99_itl_ms": 481.126211239025,
  "mean_e2e_latency_ms": 6417.3200558107055,
  "median_e2e_latency_ms": 6100.205706432462,
  "p99_e2e_latency_ms": 7632.686741170473
}