{
  "completed": 128,
  "failed": 0,
  "total_input": 182789,
  "total_input_text": 69893,
  "total_input_vision": 112896,
  "total_output": 4096,
  "duration_s": 7.429432895034552,
  "request_throughput": 17.22877126806658,
  "output_throughput": 551.3206805781306,
  "mean_ttft_ms": 4038.199486414669,
  "median_ttft_ms": 3922.849938971922,
  "p99_ttft_ms": 7024.65869073756,
  "mean_itl_ms": 72.53305998462997,
  "median_itl_ms": 12.408553855493665,
  "p99_itl_ms": 269.3088349653408,
  "mean_e2e_latency_ms": 6075.932123942039,
  "median_e2e_latency_ms": 5794.5732730440795,
  "p99_e2e_latency_ms": 7253.615392744541
}