{
  "completed": 128,
  "failed": 0,
  "total_input": 331442,
  "total_input_text": 70066,
  "total_input_vision": 261376,
  "total_output": 4096,
  "duration_s": 17.772964123636484,
  "request_throughput": 7.201950057940601,
  "output_throughput": 230.46240185409923,
  "mean_ttft_ms": 1557.618206308689,
  "median_ttft_ms": 1552.8245833702385,
  "p99_ttft_ms": 2404.401116752998,
  "mean_itl_ms": 18.697172835701725,
  "median_itl_ms": 6.639247993007302,
  "p99_itl_ms": 76.70919198542833,
  "mean_e2e_latency_ms": 2136.0452650151274,
  "median_e2e_latency_ms": 2124.790388625115,
  "p99_e2e_latency_ms": 2957.910266984255
}