{
  "completed": 128,
  "failed": 0,
  "total_input": 331449,
  "total_input_text": 70073,
  "total_input_vision": 261376,
  "total_output": 4096,
  "duration_s": 17.761296837590635,
  "request_throughput": 7.206680974392381,
  "output_throughput": 230.6137911805562,
  "mean_ttft_ms": 1562.568324177846,
  "median_ttft_ms": 1567.0407505240291,
  "p99_ttft_ms": 2488.8109643431385,
  "mean_itl_ms": 18.61322783304917,
  "median_itl_ms": 6.690033245831728,
  "p99_itl_ms": 75.90665004216135,
  "mean_e2e_latency_ms": 2135.373608685768,
  "median_e2e_latency_ms": 2164.872070075944,
  "p99_e2e_latency_ms": 3031.580730564893
}