{
  "completed": 128,
  "failed": 0,
  "total_input": 331512,
  "total_input_text": 70136,
  "total_input_vision": 261376,
  "total_output": 4096,
  "duration_s": 18.05014962470159,
  "request_throughput": 7.091353958907481,
  "output_throughput": 226.9233266850394,
  "mean_ttft_ms": 1618.120883766096,
  "median_ttft_ms": 1624.6245596557856,
  "p99_ttft_ms": 2434.062417657115,
  "mean_itl_ms": 17.409121695638888,
  "median_itl_ms": 6.4609593246132135,
  "p99_itl_ms": 76.11539184115826,
  "mean_e2e_latency_ms": 2155.095855217951,
  "median_e2e_latency_ms": 2159.505089279264,
  "p99_e2e_latency_ms": 2983.843218041585
}