{
  "completed": 128,
  "failed": 0,
  "total_input": 295710,
  "total_input_text": 69918,
  "total_input_vision": 225792,
  "total_output": 4096,
  "duration_s": 15.577941589057446,
  "request_throughput": 8.216746690712474,
  "output_throughput": 262.9358941027992,
  "mean_ttft_ms": 1351.2295539803745,
  "median_ttft_ms": 1337.0659444481134,
  "p99_ttft_ms": 2218.317908979953,
  "mean_itl_ms": 17.066872006938894,
  "median_itl_ms": 6.564006442204118,
  "p99_itl_ms": 54.428829937241964,
  "mean_e2e_latency_ms": 1878.4480849135434,
  "median_e2e_latency_ms": 1883.1678060814738,
  "p99_e2e_latency_ms": 2631.3094552652915
}