{
  "completed": 128,
  "failed": 0,
  "total_input": 295814,
  "total_input_text": 70022,
  "total_input_vision": 225792,
  "total_output": 4096,
  "duration_s": 16.365634209942073,
  "request_throughput": 7.821267318943276,
  "output_throughput": 250.28055420618483,
  "mean_ttft_ms": 1492.243616070482,
  "median_ttft_ms": 1522.7384937461466,
  "p99_ttft_ms": 2199.0278233494614,
  "mean_itl_ms": 15.040050986599436,
  "median_itl_ms": 6.219723261892796,
  "p99_itl_ms": 54.56178033258767,
  "mean_e2e_latency_ms": 1953.8475338013086,
  "median_e2e_latency_ms": 1983.9583977591246,
  "p99_e2e_latency_ms": 2586.195789752529
}