{
  "completed": 128,
  "failed": 0,
  "total_input": 295744,
  "total_input_text": 69952,
  "total_input_vision": 225792,
  "total_output": 4096,
  "duration_s": 15.839936763048172,
  "request_throughput": 8.080840341395922,
  "output_throughput": 258.5868909246695,
  "mean_ttft_ms": 1423.5260886671313,
  "median_ttft_ms": 1446.0030605550855,
  "p99_ttft_ms": 2049.596134629101,
  "mean_itl_ms": 15.700187180479364,
  "median_itl_ms": 6.335362792015076,
  "p99_itl_ms": 54.783497923053815,
  "mean_e2e_latency_ms": 1907.3000525895623,
  "median_e2e_latency_ms": 1919.5578719954938,
  "p99_e2e_latency_ms": 2523.4311066614473
}