{
  "completed": 128,
  "failed": 0,
  "total_input": 634486,
  "total_input_text": 70006,
  "total_input_vision": 564480,
  "total_output": 4096,
  "duration_s": 47.49416482122615,
  "request_throughput": 2.6950679200657106,
  "output_throughput": 86.24217344210274,
  "mean_ttft_ms": 25389.749458678125,
  "median_ttft_ms": 25334.83417937532,
  "p99_ttft_ms": 45998.368951263845,
  "mean_itl_ms": 12.236497992016002,
  "median_itl_ms": 5.6829750537872314,
  "p99_itl_ms": 146.94485547952354,
  "mean_e2e_latency_ms": 25760.969845447107,
  "median_e2e_latency_ms": 25704.167064279318,
  "p99_e2e_latency_ms": 46366.94896611385
}