{
  "completed": 128,
  "failed": 0,
  "total_input": 634424,
  "total_input_text": 69944,
  "total_input_vision": 564480,
  "total_output": 4096,
  "duration_s": 46.669889538083225,
  "request_throughput": 2.7426677300264526,
  "output_throughput": 87.76536736084648,
  "mean_ttft_ms": 24705.435239236976,
  "median_ttft_ms": 24529.43604858592,
  "p99_ttft_ms": 45166.5522518754,
  "mean_itl_ms": 12.307065403800223,
  "median_itl_ms": 5.711839068681002,
  "p99_itl_ms": 147.38747598603365,
  "mean_e2e_latency_ms": 25077.92164554121,
  "median_e2e_latency_ms": 24905.538944061846,
  "p99_e2e_latency_ms": 45546.42998733558
}