{
  "completed": 128,
  "failed": 0,
  "total_input": 634419,
  "total_input_text": 69939,
  "total_input_vision": 564480,
  "total_output": 4096,
  "duration_s": 47.04477889323607,
  "request_throughput": 2.720812022317813,
  "output_throughput": 87.06598471417001,
  "mean_ttft_ms": 24956.643634461216,
  "median_ttft_ms": 24801.5981502831,
  "p99_ttft_ms": 45544.31717024651,
  "mean_itl_ms": 12.154065566470477,
  "median_itl_ms": 5.6906272657215595,
  "p99_itl_ms": 146.9739447440952,
  "mean_e2e_latency_ms": 25325.743672114186,
  "median_e2e_latency_ms": 25177.445622626692,
  "p99_e2e_latency_ms": 45917.73925225716
}