{
  "completed": 128,
  "failed": 0,
  "total_input": 592849,
  "total_input_text": 70097,
  "total_input_vision": 522752,
  "total_output": 4096,
  "duration_s": 43.60906471777707,
  "request_throughput": 2.935169576058834,
  "output_throughput": 93.92542643388269,
  "mean_ttft_ms": 4800.522552290204,
  "median_ttft_ms": 4956.813687458634,
  "p99_ttft_ms": 5794.347964343616,
  "mean_itl_ms": 11.954286530285367,
  "median_itl_ms": 5.631418665871024,
  "p99_itl_ms": 155.3446096368134,
  "mean_e2e_latency_ms": 5159.538395182608,
  "median_e2e_latency_ms": 5317.831557244062,
  "p99_e2e_latency_ms": 6152.099780081772
}