{
  "completed": 128,
  "failed": 0,
  "total_input": 592753,
  "total_input_text": 70001,
  "total_input_vision": 522752,
  "total_output": 4096,
  "duration_s": 43.258015998173505,
  "request_throughput": 2.958989150251472,
  "output_throughput": 94.6876528080471,
  "mean_ttft_ms": 4754.796170920599,
  "median_ttft_ms": 4922.93049627915,
  "p99_ttft_ms": 5565.10851008352,
  "mean_itl_ms": 12.029185964318078,
  "median_itl_ms": 5.654384382069111,
  "p99_itl_ms": 155.25009363889694,
  "mean_e2e_latency_ms": 5114.275909556454,
  "median_e2e_latency_ms": 5284.992492990568,
  "p99_e2e_latency_ms": 5925.171768497677
}