{
  "completed": 128,
  "failed": 0,
  "total_input": 592752,
  "total_input_text": 70000,
  "total_input_vision": 522752,
  "total_output": 4096,
  "duration_s": 43.79486287198961,
  "request_throughput": 2.922717223116743,
  "output_throughput": 93.52695113973577,
  "mean_ttft_ms": 4824.345856868604,
  "median_ttft_ms": 5015.443393960595,
  "p99_ttft_ms": 5590.704094544055,
  "mean_itl_ms": 12.011117387475451,
  "median_itl_ms": 5.625206511467695,
  "p99_itl_ms": 154.83426675666124,
  "mean_e2e_latency_ms": 5183.754485045938,
  "median_e2e_latency_ms": 5376.486303517595,
  "p99_e2e_latency_ms": 5948.903436069379
}