{
  "completed": 128,
  "failed": 0,
  "total_input": 1198846,
  "total_input_text": 69886,
  "total_input_vision": 1128960,
  "total_output": 4096,
  "duration_s": 95.30517486762255,
  "request_throughput": 1.3430540385429235,
  "output_throughput": 42.97772923337355,
  "mean_ttft_ms": 50702.11265817488,
  "median_ttft_ms": 50593.74154917896,
  "p99_ttft_ms": 92433.49208927248,
  "mean_itl_ms": 5.738740521848603,
  "median_itl_ms": 5.772477947175503,
  "p99_itl_ms": 7.166680060327051,
  "mean_e2e_latency_ms": 50878.637919366156,
  "median_e2e_latency_ms": 50771.751407999545,
  "p99_e2e_latency_ms": 92611.35331695434
}