{
  "completed": 128,
  "failed": 0,
  "total_input": 1199022,
  "total_input_text": 70062,
  "total_input_vision": 1128960,
  "total_output": 4096,
  "duration_s": 96.29220763873309,
  "request_throughput": 1.3292872096174955,
  "output_throughput": 42.537190707759855,
  "mean_ttft_ms": 51692.63490143567,
  "median_ttft_ms": 52461.13399346359,
  "p99_ttft_ms": 93479.23006023747,
  "mean_itl_ms": 5.735431170427135,
  "median_itl_ms": 5.769332870841026,
  "p99_itl_ms": 7.195232217200095,
  "mean_e2e_latency_ms": 51870.44836933637,
  "median_e2e_latency_ms": 52639.05292749405,
  "p99_e2e_latency_ms": 93657.24619457964
}