{
  "completed": 128,
  "failed": 0,
  "total_input": 1199031,
  "total_input_text": 70071,
  "total_input_vision": 1128960,
  "total_output": 4096,
  "duration_s": 96.08829095587134,
  "request_throughput": 1.3321081968122854,
  "output_throughput": 42.627462297993134,
  "mean_ttft_ms": 51398.54560732783,
  "median_ttft_ms": 51455.49860736355,
  "p99_ttft_ms": 93160.05927773193,
  "mean_itl_ms": 5.749713322315682,
  "median_itl_ms": 5.769834388047457,
  "p99_itl_ms": 7.004681546241042,
  "mean_e2e_latency_ms": 51575.40860743393,
  "median_e2e_latency_ms": 51633.64518200979,
  "p99_e2e_latency_ms": 93337.96395356767
}