{
  "completed": 128,
  "failed": 0,
  "total_input": 183036,
  "total_input_text": 70140,
  "total_input_vision": 112896,
  "total_output": 4096,
  "duration_s": 7.470254969783127,
  "request_throughput": 17.134622649127067,
  "output_throughput": 548.3079247720661,
  "mean_ttft_ms": 1044.7296159909456,
  "median_ttft_ms": 1045.1680517289788,
  "p99_ttft_ms": 1717.9067104496062,
  "mean_itl_ms": 26.33561062634824,
  "median_itl_ms": 7.32519943267107,
  "p99_itl_ms": 271.6050862148404,
  "mean_e2e_latency_ms": 1854.3518367878278,
  "median_e2e_latency_ms": 1841.656559612602,
  "p99_e2e_latency_ms": 1966.9385016849265
}