{
  "completed": 128,
  "failed": 0,
  "total_input": 182856,
  "total_input_text": 69960,
  "total_input_vision": 112896,
  "total_output": 4096,
  "duration_s": 7.520018167793751,
  "request_throughput": 17.02123547363092,
  "output_throughput": 544.6795351561894,
  "mean_ttft_ms": 1059.1479150461964,
  "median_ttft_ms": 1095.5468132160604,
  "p99_ttft_ms": 1716.91378231626,
  "mean_itl_ms": 26.30511650634983,
  "median_itl_ms": 7.307781837880611,
  "p99_itl_ms": 270.1710491999983,
  "mean_e2e_latency_ms": 1866.5989637447638,
  "median_e2e_latency_ms": 1845.7076051272452,
  "p99_e2e_latency_ms": 1975.2287312923
}