{
  "completed": 128,
  "failed": 0,
  "total_input": 182866,
  "total_input_text": 69970,
  "total_input_vision": 112896,
  "total_output": 4096,
  "duration_s": 7.683137997053564,
  "request_throughput": 16.659859558566723,
  "output_throughput": 533.1155058741351,
  "mean_ttft_ms": 1119.3110585954855,
  "median_ttft_ms": 1148.6986430827528,
  "p99_ttft_ms": 1921.157480450347,
  "mean_itl_ms": 25.57535529598654,
  "median_itl_ms": 7.334642112255096,
  "p99_itl_ms": 277.48941788449883,
  "mean_e2e_latency_ms": 1906.360655088065,
  "median_e2e_latency_ms": 1838.5114064440131,
  "p99_e2e_latency_ms": 2210.0691749108955
}