{
  "completed": 128,
  "failed": 0,
  "total_input": 2683749,
  "total_input_text": 69989,
  "total_input_vision": 2613760,
  "total_output": 4096,
  "duration_s": 233.05080604134127,
  "request_throughput": 0.5492364612431071,
  "output_throughput": 17.575566759779427,
  "mean_ttft_ms": 122505.51286702103,
  "median_ttft_ms": 124419.4850588683,
  "p99_ttft_ms": 223884.7512942832,
  "mean_itl_ms": 6.986612534392199,
  "median_itl_ms": 6.192247616127133,
  "p99_itl_ms": 7.734094676561654,
  "mean_e2e_latency_ms": 122720.03810221577,
  "median_e2e_latency_ms": 124608.11127373017,
  "p99_e2e_latency_ms": 224074.35663004406
}