{
  "completed": 128,
  "failed": 0,
  "total_input": 2683826,
  "total_input_text": 70066,
  "total_input_vision": 2613760,
  "total_output": 4096,
  "duration_s": 232.3635343387723,
  "request_throughput": 0.550860961743608,
  "output_throughput": 17.627550775795456,
  "mean_ttft_ms": 121452.90888947784,
  "median_ttft_ms": 121834.4480029773,
  "p99_ttft_ms": 223865.86655101742,
  "mean_itl_ms": 8.82484432297394,
  "median_itl_ms": 6.1934590339660645,
  "p99_itl_ms": 32.37380946986375,
  "mean_e2e_latency_ms": 121720.63278851056,
  "median_e2e_latency_ms": 122024.24740674905,
  "p99_e2e_latency_ms": 224054.47630696933
}