{
  "completed": 128,
  "failed": 0,
  "total_input": 2683701,
  "total_input_text": 69941,
  "total_input_vision": 2613760,
  "total_output": 4096,
  "duration_s": 233.59432510612532,
  "request_throughput": 0.5479585171508243,
  "output_throughput": 17.53467254882638,
  "mean_ttft_ms": 121545.24574027892,
  "median_ttft_ms": 122020.02941514365,
  "p99_ttft_ms": 224065.10809370317,
  "mean_itl_ms": 8.868580301545403,
  "median_itl_ms": 6.195997819304466,
  "p99_itl_ms": 21.575452769175378,
  "mean_e2e_latency_ms": 121812.63399630916,
  "median_e2e_latency_ms": 122209.67324636877,
  "p99_e2e_latency_ms": 224254.96714904904
}