{
  "completed": 128,
  "failed": 0,
  "total_input": 182777,
  "total_input_text": 69881,
  "total_input_vision": 112896,
  "total_output": 4096,
  "duration_s": 8.130794563796371,
  "request_throughput": 15.742618878841181,
  "output_throughput": 503.7638041229178,
  "mean_ttft_ms": 547.4463166719943,
  "median_ttft_ms": 582.2895420715213,
  "p99_ttft_ms": 861.6713353898376,
  "mean_itl_ms": 15.004946265139466,
  "median_itl_ms": 6.3386838883161545,
  "p99_itl_ms": 175.31003549695015,
  "mean_e2e_latency_ms": 1012.256936992344,
  "median_e2e_latency_ms": 1006.4837695099413,
  "p99_e2e_latency_ms": 1064.2876140540468
}