{
  "completed": 128,
  "failed": 0,
  "total_input": 182925,
  "total_input_text": 70029,
  "total_input_vision": 112896,
  "total_output": 4096,
  "duration_s": 8.304174091201276,
  "request_throughput": 15.413935039683594,
  "output_throughput": 493.245921269875,
  "mean_ttft_ms": 581.7617309403431,
  "median_ttft_ms": 641.750190872699,
  "p99_ttft_ms": 1023.0570006743076,
  "mean_itl_ms": 14.597486699420447,
  "median_itl_ms": 6.321258842945099,
  "p99_itl_ms": 213.6386715248227,
  "mean_e2e_latency_ms": 1033.9501027337974,
  "median_e2e_latency_ms": 1006.8232512567192,
  "p99_e2e_latency_ms": 1249.0525626344606
}