{
  "completed": 128,
  "failed": 0,
  "total_input": 182749,
  "total_input_text": 69853,
  "total_input_vision": 112896,
  "total_output": 4096,
  "duration_s": 8.086621161084622,
  "request_throughput": 15.828613391211706,
  "output_throughput": 506.5156285187746,
  "mean_ttft_ms": 540.6900920606859,
  "median_ttft_ms": 557.3525850195438,
  "p99_ttft_ms": 841.6843410907316,
  "mean_itl_ms": 15.03489273148125,
  "median_itl_ms": 6.328518968075514,
  "p99_itl_ms": 175.02157025039196,
  "mean_e2e_latency_ms": 1006.4281483428204,
  "median_e2e_latency_ms": 1002.2551110014319,
  "p99_e2e_latency_ms": 1067.7295576035976
}