{
  "completed": 128,
  "failed": 0,
  "total_input": 854154,
  "total_input_text": 70026,
  "total_input_vision": 784128,
  "total_output": 4096,
  "duration_s": 71.54860819503665,
  "request_throughput": 1.788993569952901,
  "output_throughput": 57.24779423849283,
  "mean_ttft_ms": 37877.95886441381,
  "median_ttft_ms": 38380.37797342986,
  "p99_ttft_ms": 69571.20226360859,
  "mean_itl_ms": 5.9765246182790035,
  "median_itl_ms": 5.681678419932723,
  "p99_itl_ms": 7.628890024498108,
  "mean_e2e_latency_ms": 38061.56465869935,
  "median_e2e_latency_ms": 38555.168136022985,
  "p99_e2e_latency_ms": 69746.5666137822
}