{
  "completed": 128,
  "failed": 0,
  "total_input": 854136,
  "total_input_text": 70008,
  "total_input_vision": 784128,
  "total_output": 4096,
  "duration_s": 70.43806275073439,
  "request_throughput": 1.817199323794087,
  "output_throughput": 58.15037836141079,
  "mean_ttft_ms": 37351.07007603801,
  "median_ttft_ms": 37200.11297846213,
  "p99_ttft_ms": 68485.67554441282,
  "mean_itl_ms": 6.053489307247521,
  "median_itl_ms": 5.686850985512137,
  "p99_itl_ms": 12.975729317404328,
  "mean_e2e_latency_ms": 37538.2699101101,
  "median_e2e_latency_ms": 37382.56871839985,
  "p99_e2e_latency_ms": 68660.90659564361
}