{
  "completed": 128,
  "failed": 0,
  "total_input": 854152,
  "total_input_text": 70024,
  "total_input_vision": 784128,
  "total_output": 4096,
  "duration_s": 70.96868754317984,
  "request_throughput": 1.8036123314542107,
  "output_throughput": 57.715594606534744,
  "mean_ttft_ms": 37356.385662351386,
  "median_ttft_ms": 37399.74488830194,
  "p99_ttft_ms": 69002.96515772585,
  "mean_itl_ms": 5.756199490927618,
  "median_itl_ms": 5.680973874405026,
  "p99_itl_ms": 7.524841045960784,
  "mean_e2e_latency_ms": 37533.31250885458,
  "median_e2e_latency_ms": 37574.74114233628,
  "p99_e2e_latency_ms": 69177.66319727991
}