{
  "completed": 128,
  "failed": 0,
  "total_input": 2560987,
  "total_input_text": 1254107,
  "total_input_vision": 1306880,
  "total_output": 38400,
  "duration_s": 253.19870679173619,
  "request_throughput": 0.5055318078906461,
  "output_throughput": 151.6595423671938,
  "mean_ttft_ms": 3997.1015410337714,
  "median_ttft_ms": 4000.5290070548654,
  "p99_ttft_ms": 5869.055923027918,
  "mean_itl_ms": 15.811559053996383,
  "median_itl_ms": 8.67800833657384,
  "p99_itl_ms": 339.0555486362428,
  "mean_e2e_latency_ms": 7903.1167143184575,
  "median_e2e_latency_ms": 7911.435607820749,
  "p99_e2e_latency_ms": 9287.024596938863
}