{
  "completed": 128,
  "failed": 0,
  "total_input": 295958,
  "total_input_text": 70166,
  "total_input_vision": 225792,
  "total_output": 4096,
  "duration_s": 12.590370513964444,
  "request_throughput": 10.166499854633386,
  "output_throughput": 325.32799534826836,
  "mean_ttft_ms": 1782.9627446699305,
  "median_ttft_ms": 1608.4465715102851,
  "p99_ttft_ms": 3571.3509766059,
  "mean_itl_ms": 43.05516554339296,
  "median_itl_ms": 40.14653665944934,
  "p99_itl_ms": 157.06775834783912,
  "mean_e2e_latency_ms": 3103.219829921727,
  "median_e2e_latency_ms": 3141.0613106563687,
  "p99_e2e_latency_ms": 5063.233401323669
}