{
  "completed": 128,
  "failed": 0,
  "total_input": 295848,
  "total_input_text": 70056,
  "total_input_vision": 225792,
  "total_output": 4096,
  "duration_s": 12.991737180855125,
  "request_throughput": 9.85241605630872,
  "output_throughput": 315.277313801879,
  "mean_ttft_ms": 1864.9538886893424,
  "median_ttft_ms": 1828.472048509866,
  "p99_ttft_ms": 3881.4812587387864,
  "mean_itl_ms": 42.86212076585127,
  "median_itl_ms": 39.76252395659685,
  "p99_itl_ms": 152.36886255443096,
  "mean_e2e_latency_ms": 3191.3461768781417,
  "median_e2e_latency_ms": 3307.0988887920976,
  "p99_e2e_latency_ms": 4534.582739546895
}