{
  "completed": 128,
  "failed": 0,
  "total_input": 295799,
  "total_input_text": 70007,
  "total_input_vision": 225792,
  "total_output": 4096,
  "duration_s": 13.091448912397027,
  "request_throughput": 9.777374594403346,
  "output_throughput": 312.8759870209071,
  "mean_ttft_ms": 1893.543937450886,
  "median_ttft_ms": 1792.9042403120548,
  "p99_ttft_ms": 3413.6250578472395,
  "mean_itl_ms": 36.85903922265112,
  "median_itl_ms": 36.297844955697656,
  "p99_itl_ms": 169.05698183458298,
  "mean_e2e_latency_ms": 3007.3887613907573,
  "median_e2e_latency_ms": 3169.0708638634533,
  "p99_e2e_latency_ms": 4996.845131376759
}