{
  "completed": 128,
  "failed": 0,
  "total_input": 592811,
  "total_input_text": 70059,
  "total_input_vision": 522752,
  "total_output": 4096,
  "duration_s": 45.544980676844716,
  "request_throughput": 2.8104084818522233,
  "output_throughput": 89.93307141927114,
  "mean_ttft_ms": 23976.00955582675,
  "median_ttft_ms": 23886.494966456667,
  "p99_ttft_ms": 44215.55840510875,
  "mean_itl_ms": 11.61501478992643,
  "median_itl_ms": 5.646517965942621,
  "p99_itl_ms": 155.25224758312106,
  "mean_e2e_latency_ms": 24327.649561979342,
  "median_e2e_latency_ms": 24249.523231061175,
  "p99_e2e_latency_ms": 44579.31715192739
}