{
  "completed": 128,
  "failed": 0,
  "total_input": 592798,
  "total_input_text": 70046,
  "total_input_vision": 522752,
  "total_output": 4096,
  "duration_s": 45.751406433060765,
  "request_throughput": 2.79772820071177,
  "output_throughput": 89.52730242277664,
  "mean_ttft_ms": 24293.086872847198,
  "median_ttft_ms": 24209.359775064513,
  "p99_ttft_ms": 44401.03274117224,
  "mean_itl_ms": 11.698362407912878,
  "median_itl_ms": 5.645682103931904,
  "p99_itl_ms": 154.56229537259787,
  "mean_e2e_latency_ms": 24647.524474392412,
  "median_e2e_latency_ms": 24574.86305688508,
  "p99_e2e_latency_ms": 44762.40132943728
}