{
  "completed": 128,
  "failed": 0,
  "total_input": 592832,
  "total_input_text": 70080,
  "total_input_vision": 522752,
  "total_output": 4096,
  "duration_s": 45.62089189235121,
  "request_throughput": 2.8057320821792273,
  "output_throughput": 89.78342662973527,
  "mean_ttft_ms": 24122.89636376954,
  "median_ttft_ms": 24094.90123204887,
  "p99_ttft_ms": 44279.464849252254,
  "mean_itl_ms": 11.639465050238895,
  "median_itl_ms": 5.639297422021627,
  "p99_itl_ms": 155.07346051745117,
  "mean_e2e_latency_ms": 24476.0037381202,
  "median_e2e_latency_ms": 24455.653317971155,
  "p99_e2e_latency_ms": 44630.932301608846
}