{
  "completed": 128,
  "failed": 0,
  "total_input": 408701,
  "total_input_text": 70013,
  "total_input_vision": 338688,
  "total_output": 4096,
  "duration_s": 23.177180413156748,
  "request_throughput": 5.522673496873657,
  "output_throughput": 176.72555189995703,
  "mean_ttft_ms": 4792.283842049073,
  "median_ttft_ms": 5251.790317939594,
  "p99_ttft_ms": 5851.236650743523,
  "mean_itl_ms": 16.649149102176974,
  "median_itl_ms": 6.1110458336770535,
  "p99_itl_ms": 84.2182395607233,
  "mean_e2e_latency_ms": 5293.461352808663,
  "median_e2e_latency_ms": 5711.243546800688,
  "p99_e2e_latency_ms": 6315.85257306695
}