{
  "completed": 128,
  "failed": 0,
  "total_input": 408593,
  "total_input_text": 69905,
  "total_input_vision": 338688,
  "total_output": 4096,
  "duration_s": 24.021687790751457,
  "request_throughput": 5.328518175533071,
  "output_throughput": 170.51258161705826,
  "mean_ttft_ms": 4932.572232166422,
  "median_ttft_ms": 5241.398955928162,
  "p99_ttft_ms": 6137.041317871773,
  "mean_itl_ms": 15.128669654697358,
  "median_itl_ms": 6.003837566822767,
  "p99_itl_ms": 83.57213872484863,
  "mean_e2e_latency_ms": 5389.163487339829,
  "median_e2e_latency_ms": 5700.829545967281,
  "p99_e2e_latency_ms": 6655.474382643589
}