{
  "completed": 128,
  "failed": 0,
  "total_input": 408692,
  "total_input_text": 70004,
  "total_input_vision": 338688,
  "total_output": 4096,
  "duration_s": 21.6518223551102,
  "request_throughput": 5.911742573012097,
  "output_throughput": 189.1757623363871,
  "mean_ttft_ms": 4299.541846256034,
  "median_ttft_ms": 4494.764833478257,
  "p99_ttft_ms": 5823.653028090484,
  "mean_itl_ms": 21.65071904919458,
  "median_itl_ms": 6.621704902499914,
  "p99_itl_ms": 89.58088823594153,
  "mean_e2e_latency_ms": 4947.383801078104,
  "median_e2e_latency_ms": 5182.575298473239,
  "p99_e2e_latency_ms": 6319.767985139042
}