{
  "completed": 128,
  "failed": 0,
  "total_input": 1376883,
  "total_input_text": 70003,
  "total_input_vision": 1306880,
  "total_output": 4096,
  "duration_s": 109.27345233829692,
  "request_throughput": 1.1713732591126345,
  "output_throughput": 37.4839442916043,
  "mean_ttft_ms": 57534.136444221076,
  "median_ttft_ms": 57709.648365620524,
  "p99_ttft_ms": 106021.8560645124,
  "mean_itl_ms": 7.784550677344298,
  "median_itl_ms": 5.8377580717206,
  "p99_itl_ms": 24.936703126877532,
  "mean_e2e_latency_ms": 57772.856465471705,
  "median_e2e_latency_ms": 57889.96033347212,
  "p99_e2e_latency_ms": 106201.36528396979
}