{
  "completed": 128,
  "failed": 0,
  "total_input": 1376964,
  "total_input_text": 70083,
  "total_input_vision": 1306881,
  "total_output": 4096,
  "duration_s": 108.6614502039738,
  "request_throughput": 1.1779706580367264,
  "output_throughput": 37.695061057175245,
  "mean_ttft_ms": 57104.32080937608,
  "median_ttft_ms": 57172.745179152116,
  "p99_ttft_ms": 105573.91124558637,
  "mean_itl_ms": 7.197286200226152,
  "median_itl_ms": 5.836177384480834,
  "p99_itl_ms": 10.693325391039233,
  "mean_e2e_latency_ms": 57324.64011340926,
  "median_e2e_latency_ms": 57352.31958352961,
  "p99_e2e_latency_ms": 105752.84400704317
}