{
  "completed": 128,
  "failed": 0,
  "total_input": 1376900,
  "total_input_text": 70020,
  "total_input_vision": 1306880,
  "total_output": 4096,
  "duration_s": 109.6103204889223,
  "request_throughput": 1.1677732482584635,
  "output_throughput": 37.36874394427083,
  "mean_ttft_ms": 57933.49602401213,
  "median_ttft_ms": 58130.264218430966,
  "p99_ttft_ms": 106475.41142516305,
  "mean_itl_ms": 5.9564056908426695,
  "median_itl_ms": 5.835867486894131,
  "p99_itl_ms": 8.260480649769299,
  "mean_e2e_latency_ms": 58115.925109519594,
  "median_e2e_latency_ms": 58308.780366322026,
  "p99_e2e_latency_ms": 106654.48536304293
}