{
  "completed": 128,
  "failed": 0,
  "total_input": 2683691,
  "total_input_text": 69931,
  "total_input_vision": 2613760,
  "total_output": 4096,
  "duration_s": 224.17238388489932,
  "request_throughput": 0.5709891547824251,
  "output_throughput": 18.271652953037602,
  "mean_ttft_ms": 26207.43564751683,
  "median_ttft_ms": 27329.38306638971,
  "p99_ttft_ms": 28586.149650644515,
  "mean_itl_ms": 6.131567607486101,
  "median_itl_ms": 6.193201988935471,
  "p99_itl_ms": 6.5704332292079926,
  "mean_e2e_latency_ms": 26397.480999490654,
  "median_e2e_latency_ms": 27519.952905597165,
  "p99_e2e_latency_ms": 28776.25392377377
}