{
  "completed": 128,
  "failed": 0,
  "total_input": 2683759,
  "total_input_text": 69999,
  "total_input_vision": 2613760,
  "total_output": 4096,
  "duration_s": 232.01467803074047,
  "request_throughput": 0.5516892340020005,
  "output_throughput": 17.654055488064017,
  "mean_ttft_ms": 27125.729891467927,
  "median_ttft_ms": 28319.510051282123,
  "p99_ttft_ms": 29542.074633813467,
  "mean_itl_ms": 6.1298933694835736,
  "median_itl_ms": 6.190038286149502,
  "p99_itl_ms": 6.57598442863673,
  "mean_e2e_latency_ms": 27315.77176419887,
  "median_e2e_latency_ms": 28509.408487705514,
  "p99_e2e_latency_ms": 29731.83518623468
}