{
  "completed": 128,
  "failed": 0,
  "total_input": 2683784,
  "total_input_text": 70024,
  "total_input_vision": 2613760,
  "total_output": 4096,
  "duration_s": 228.55660005426034,
  "request_throughput": 0.5600363322241065,
  "output_throughput": 17.92116263117141,
  "mean_ttft_ms": 26729.7813088735,
  "median_ttft_ms": 27922.923801466823,
  "p99_ttft_ms": 29399.51511952561,
  "mean_itl_ms": 6.123411226529324,
  "median_itl_ms": 6.188143976032734,
  "p99_itl_ms": 6.591740511357784,
  "mean_e2e_latency_ms": 26919.57440432816,
  "median_e2e_latency_ms": 28112.814293941483,
  "p99_e2e_latency_ms": 29589.044858673595
}