{
  "completed": 128,
  "failed": 0,
  "total_input": 634548,
  "total_input_text": 70068,
  "total_input_vision": 564480,
  "total_output": 4096,
  "duration_s": 46.514366913586855,
  "request_throughput": 2.751837947999915,
  "output_throughput": 88.05881433599728,
  "mean_ttft_ms": 9929.576633385295,
  "median_ttft_ms": 10862.591604702175,
  "p99_ttft_ms": 12034.406068888493,
  "mean_itl_ms": 12.443649637648395,
  "median_itl_ms": 5.624060984700918,
  "p99_itl_ms": 147.03802613541484,
  "mean_e2e_latency_ms": 10293.664939737937,
  "median_e2e_latency_ms": 11232.613320462406,
  "p99_e2e_latency_ms": 12404.491006000899
}