{
  "completed": 128,
  "failed": 0,
  "total_input": 634469,
  "total_input_text": 69989,
  "total_input_vision": 564480,
  "total_output": 4096,
  "duration_s": 46.69602177944034,
  "request_throughput": 2.741132865762812,
  "output_throughput": 87.71625170440998,
  "mean_ttft_ms": 9997.061416877841,
  "median_ttft_ms": 10911.707264138386,
  "p99_ttft_ms": 12175.683616218159,
  "mean_itl_ms": 11.980817582080714,
  "median_itl_ms": 5.617292132228613,
  "p99_itl_ms": 146.94108866155148,
  "mean_e2e_latency_ms": 10351.72672346016,
  "median_e2e_latency_ms": 11265.728669473901,
  "p99_e2e_latency_ms": 12540.873512085529
}