{
  "completed": 128,
  "failed": 0,
  "total_input": 634350,
  "total_input_text": 69870,
  "total_input_vision": 564480,
  "total_output": 4096,
  "duration_s": 46.43691039318219,
  "request_throughput": 2.7564279991115175,
  "output_throughput": 88.20569597156856,
  "mean_ttft_ms": 9917.469943637116,
  "median_ttft_ms": 10901.298310374841,
  "p99_ttft_ms": 11895.894761602396,
  "mean_itl_ms": 12.239071346137026,
  "median_itl_ms": 5.624887766316533,
  "p99_itl_ms": 147.8159341495484,
  "mean_e2e_latency_ms": 10276.625816011801,
  "median_e2e_latency_ms": 11272.17750204727,
  "p99_e2e_latency_ms": 12260.667643276976
}