{
  "completed": 128,
  "failed": 0,
  "total_input": 2561351,
  "total_input_text": 1254471,
  "total_input_vision": 1306880,
  "total_output": 38400,
  "duration_s": 579.8071376737207,
  "request_throughput": 0.2207630635827571,
  "output_throughput": 66.22891907482713,
  "mean_ttft_ms": 2244.731400278397,
  "median_ttft_ms": 2240.439234301448,
  "p99_ttft_ms": 2302.1861234493554,
  "mean_itl_ms": 8.2776260573608,
  "median_itl_ms": 7.661730982363224,
  "p99_itl_ms": 30.66996268928051,
  "mean_e2e_latency_ms": 4529.6815798355965,
  "median_e2e_latency_ms": 4524.546635337174,
  "p99_e2e_latency_ms": 4584.132425244898
}