{
  "completed": 128,
  "failed": 0,
  "total_input": 1199026,
  "total_input_text": 70066,
  "total_input_vision": 1128960,
  "total_output": 4096,
  "duration_s": 92.55733299674466,
  "request_throughput": 1.3829266234853794,
  "output_throughput": 44.25365195153214,
  "mean_ttft_ms": 20252.00194923309,
  "median_ttft_ms": 22452.761077089235,
  "p99_ttft_ms": 24046.173352221962,
  "mean_itl_ms": 5.740403845735391,
  "median_itl_ms": 5.769700976088643,
  "p99_itl_ms": 7.165255397558209,
  "mean_e2e_latency_ms": 20429.969208420516,
  "median_e2e_latency_ms": 22631.10974873416,
  "p99_e2e_latency_ms": 24223.91666753218
}