{
  "completed": 128,
  "failed": 0,
  "total_input": 1198969,
  "total_input_text": 70009,
  "total_input_vision": 1128960,
  "total_output": 4096,
  "duration_s": 93.69139041705057,
  "request_throughput": 1.36618743120612,
  "output_throughput": 43.71799779859584,
  "mean_ttft_ms": 20541.700829566253,
  "median_ttft_ms": 22640.53040696308,
  "p99_ttft_ms": 24568.09252096806,
  "mean_itl_ms": 5.734599848379261,
  "median_itl_ms": 5.766649730503559,
  "p99_itl_ms": 7.070489251054818,
  "mean_e2e_latency_ms": 20719.488844017178,
  "median_e2e_latency_ms": 22818.1451971177,
  "p99_e2e_latency_ms": 24745.841031614695
}