{
  "completed": 128,
  "failed": 0,
  "total_input": 1198934,
  "total_input_text": 69974,
  "total_input_vision": 1128960,
  "total_output": 4096,
  "duration_s": 95.32889142725617,
  "request_throughput": 1.3427199045703222,
  "output_throughput": 42.96703694625031,
  "mean_ttft_ms": 20931.14674571916,
  "median_ttft_ms": 23075.539947487414,
  "p99_ttft_ms": 25014.190697544258,
  "mean_itl_ms": 5.872747336539211,
  "median_itl_ms": 5.7693962007761,
  "p99_itl_ms": 7.380883852019897,
  "mean_e2e_latency_ms": 21112.941052364476,
  "median_e2e_latency_ms": 23252.785980468616,
  "p99_e2e_latency_ms": 25191.22921946924
}