{
  "completed": 128,
  "failed": 0,
  "total_input": 331372,
  "total_input_text": 69996,
  "total_input_vision": 261376,
  "total_output": 4096,
  "duration_s": 17.27206468814984,
  "request_throughput": 7.410810595667772,
  "output_throughput": 237.1459390613687,
  "mean_ttft_ms": 3300.4906974783808,
  "median_ttft_ms": 3368.423474021256,
  "p99_ttft_ms": 4922.968559614384,
  "mean_itl_ms": 23.455760310053993,
  "median_itl_ms": 7.3483348824083805,
  "p99_itl_ms": 78.7288130633533,
  "mean_e2e_latency_ms": 4025.0657214055536,
  "median_e2e_latency_ms": 4196.508137509227,
  "p99_e2e_latency_ms": 5589.862178354524
}