{
  "completed": 128,
  "failed": 0,
  "total_input": 331343,
  "total_input_text": 69966,
  "total_input_vision": 261377,
  "total_output": 4096,
  "duration_s": 16.768754271324724,
  "request_throughput": 7.6332444216733135,
  "output_throughput": 244.26382149354603,
  "mean_ttft_ms": 3098.9424658000644,
  "median_ttft_ms": 3268.640223192051,
  "p99_ttft_ms": 4418.509963857941,
  "mean_itl_ms": 24.88872940615573,
  "median_itl_ms": 7.520296145230532,
  "p99_itl_ms": 79.51929977163672,
  "mean_e2e_latency_ms": 3867.9764304761193,
  "median_e2e_latency_ms": 4031.530547887087,
  "p99_e2e_latency_ms": 5282.133946851827
}