{
  "completed": 128,
  "failed": 0,
  "total_input": 331413,
  "total_input_text": 70037,
  "total_input_vision": 261376,
  "total_output": 4096,
  "duration_s": 16.480537443887442,
  "request_throughput": 7.766737003317488,
  "output_throughput": 248.5355841061596,
  "mean_ttft_ms": 3004.59393791607,
  "median_ttft_ms": 3131.114639574662,
  "p99_ttft_ms": 4258.591803028248,
  "mean_itl_ms": 26.161929723387665,
  "median_itl_ms": 10.265388991683722,
  "p99_itl_ms": 80.51073527894914,
  "mean_e2e_latency_ms": 3814.6031629221397,
  "median_e2e_latency_ms": 3906.970515148714,
  "p99_e2e_latency_ms": 5035.016931421123
}