{
  "completed": 128,
  "failed": 0,
  "total_input": 1376871,
  "total_input_text": 69990,
  "total_input_vision": 1306881,
  "total_output": 4096,
  "duration_s": 103.44070346886292,
  "request_throughput": 1.237423912517472,
  "output_throughput": 39.5975652005591,
  "mean_ttft_ms": 22638.01344323292,
  "median_ttft_ms": 25156.609068624675,
  "p99_ttft_ms": 26615.46684787609,
  "mean_itl_ms": 5.798258059169917,
  "median_itl_ms": 5.83531754091382,
  "p99_itl_ms": 7.902504783123732,
  "mean_e2e_latency_ms": 22817.775639967294,
  "median_e2e_latency_ms": 25336.242855060846,
  "p99_e2e_latency_ms": 26795.276803667657
}