{
  "completed": 128,
  "failed": 0,
  "total_input": 1376822,
  "total_input_text": 69942,
  "total_input_vision": 1306880,
  "total_output": 4096,
  "duration_s": 104.15368855325505,
  "request_throughput": 1.228953115131895,
  "output_throughput": 39.32649968422064,
  "mean_ttft_ms": 22801.847394006472,
  "median_ttft_ms": 25315.842202631757,
  "p99_ttft_ms": 26801.22233527247,
  "mean_itl_ms": 5.792929804409787,
  "median_itl_ms": 5.834446754306555,
  "p99_itl_ms": 7.304237443022428,
  "mean_e2e_latency_ms": 22981.443744210992,
  "median_e2e_latency_ms": 25495.460165664554,
  "p99_e2e_latency_ms": 26980.840173671026
}