{
  "completed": 128,
  "failed": 0,
  "total_input": 1376938,
  "total_input_text": 70058,
  "total_input_vision": 1306880,
  "total_output": 4096,
  "duration_s": 104.61645698081702,
  "request_throughput": 1.2235168700414956,
  "output_throughput": 39.15253984132786,
  "mean_ttft_ms": 22903.400890885678,
  "median_ttft_ms": 25173.232449917123,
  "p99_ttft_ms": 26408.483854979277,
  "mean_itl_ms": 5.82715567560949,
  "median_itl_ms": 5.832132883369923,
  "p99_itl_ms": 7.755329995416101,
  "mean_e2e_latency_ms": 23084.05966493956,
  "median_e2e_latency_ms": 25353.898772969842,
  "p99_e2e_latency_ms": 26588.177787754685
}