{
  "completed": 128,
  "failed": 0,
  "total_input": 1198997,
  "total_input_text": 70037,
  "total_input_vision": 1128960,
  "total_output": 4096,
  "duration_s": 92.4613261600025,
  "request_throughput": 1.3843625796422012,
  "output_throughput": 44.29960254855044,
  "mean_ttft_ms": 10709.419417795289,
  "median_ttft_ms": 11155.891448492184,
  "p99_ttft_ms": 11996.206246335061,
  "mean_itl_ms": 5.739513419440857,
  "median_itl_ms": 5.768138682469726,
  "p99_itl_ms": 7.119976440444588,
  "mean_e2e_latency_ms": 10887.35860912493,
  "median_e2e_latency_ms": 11333.856661105528,
  "p99_e2e_latency_ms": 12174.329731743786
}