{
  "completed": 128,
  "failed": 0,
  "total_input": 1199013,
  "total_input_text": 70053,
  "total_input_vision": 1128960,
  "total_output": 4096,
  "duration_s": 94.20232507772744,
  "request_throughput": 1.3587775025126578,
  "output_throughput": 43.48088008040505,
  "mean_ttft_ms": 10931.36848937138,
  "median_ttft_ms": 11408.864197554067,
  "p99_ttft_ms": 12098.99802973494,
  "mean_itl_ms": 5.847434208393172,
  "median_itl_ms": 5.770709132775664,
  "p99_itl_ms": 7.546256044879548,
  "mean_e2e_latency_ms": 11112.379986909218,
  "median_e2e_latency_ms": 11586.439490085468,
  "p99_e2e_latency_ms": 12275.771834962072
}