{
  "completed": 128,
  "failed": 0,
  "total_input": 1199104,
  "total_input_text": 70144,
  "total_input_vision": 1128960,
  "total_output": 4096,
  "duration_s": 92.69935436081141,
  "request_throughput": 1.3808078910861532,
  "output_throughput": 44.1858525147569,
  "mean_ttft_ms": 10727.512958052102,
  "median_ttft_ms": 11178.179164417088,
  "p99_ttft_ms": 11848.465247503485,
  "mean_itl_ms": 5.732562036662843,
  "median_itl_ms": 5.768979899585247,
  "p99_itl_ms": 7.466544029302889,
  "mean_e2e_latency_ms": 10905.236628201237,
  "median_e2e_latency_ms": 11356.10669455491,
  "p99_e2e_latency_ms": 12026.29729326349
}