{
  "completed": 128,
  "failed": 0,
  "total_input": 2683780,
  "total_input_text": 70020,
  "total_input_vision": 2613760,
  "total_output": 4096,
  "duration_s": 225.7102057109587,
  "request_throughput": 0.5670988584535472,
  "output_throughput": 18.14716347051351,
  "mean_ttft_ms": 49511.717590430635,
  "median_ttft_ms": 54992.17345123179,
  "p99_ttft_ms": 57565.39467562922,
  "mean_itl_ms": 6.125504321384904,
  "median_itl_ms": 6.192496977746487,
  "p99_itl_ms": 6.580292917788029,
  "mean_e2e_latency_ms": 49701.62228103072,
  "median_e2e_latency_ms": 55181.338786380365,
  "p99_e2e_latency_ms": 57756.104835569866
}