{
  "completed": 128,
  "failed": 0,
  "total_input": 2683658,
  "total_input_text": 69898,
  "total_input_vision": 2613760,
  "total_output": 4096,
  "duration_s": 228.17308334913105,
  "request_throughput": 0.5609776496035919,
  "output_throughput": 17.95128478731494,
  "mean_ttft_ms": 49979.80358829955,
  "median_ttft_ms": 55189.02199761942,
  "p99_ttft_ms": 58112.9076317791,
  "mean_itl_ms": 6.145558276943533,
  "median_itl_ms": 6.191317457705736,
  "p99_itl_ms": 6.577772409655155,
  "mean_e2e_latency_ms": 50168.889911219594,
  "median_e2e_latency_ms": 55378.936340566725,
  "p99_e2e_latency_ms": 58303.08785920498
}