{
  "completed": 128,
  "failed": 0,
  "total_input": 2683864,
  "total_input_text": 70104,
  "total_input_vision": 2613760,
  "total_output": 4096,
  "duration_s": 227.3627800270915,
  "request_throughput": 0.5629769304577825,
  "output_throughput": 18.01526177464904,
  "mean_ttft_ms": 49945.05881278383,
  "median_ttft_ms": 55254.382646642625,
  "p99_ttft_ms": 57304.13595630787,
  "mean_itl_ms": 6.110363459635166,
  "median_itl_ms": 6.190182641148567,
  "p99_itl_ms": 6.607663203030825,
  "mean_e2e_latency_ms": 50134.49500783099,
  "median_e2e_latency_ms": 55443.17787606269,
  "p99_e2e_latency_ms": 57493.54153404478
}