{
  "completed": 128,
  "failed": 0,
  "total_input": 854189,
  "total_input_text": 70061,
  "total_input_vision": 784128,
  "total_output": 4096,
  "duration_s": 69.54278921615332,
  "request_throughput": 1.840593416553219,
  "output_throughput": 58.89898932970301,
  "mean_ttft_ms": 8020.431357283087,
  "median_ttft_ms": 8383.370805997401,
  "p99_ttft_ms": 8750.84751958959,
  "mean_itl_ms": 5.643013595545199,
  "median_itl_ms": 5.680012982338667,
  "p99_itl_ms": 6.803191639482973,
  "mean_e2e_latency_ms": 8195.378813295974,
  "median_e2e_latency_ms": 8558.828846784309,
  "p99_e2e_latency_ms": 8925.486495229416
}