{
  "completed": 128,
  "failed": 0,
  "total_input": 854106,
  "total_input_text": 69978,
  "total_input_vision": 784128,
  "total_output": 4096,
  "duration_s": 67.57732393406332,
  "request_throughput": 1.8941264990737487,
  "output_throughput": 60.61204797035996,
  "mean_ttft_ms": 7782.551832318859,
  "median_ttft_ms": 8129.466556478292,
  "p99_ttft_ms": 8540.599712855184,
  "mean_itl_ms": 5.826335767797156,
  "median_itl_ms": 5.6794569827616215,
  "p99_itl_ms": 12.796356319449838,
  "mean_e2e_latency_ms": 7963.0011814588215,
  "median_e2e_latency_ms": 8304.175049997866,
  "p99_e2e_latency_ms": 8722.76839381084
}