{
  "completed": 128,
  "failed": 0,
  "total_input": 853914,
  "total_input_text": 69786,
  "total_input_vision": 784128,
  "total_output": 4096,
  "duration_s": 69.63916322914883,
  "request_throughput": 1.8380462094125665,
  "output_throughput": 58.81747870120213,
  "mean_ttft_ms": 8040.271462377859,
  "median_ttft_ms": 8376.677648629993,
  "p99_ttft_ms": 8870.749205322938,
  "mean_itl_ms": 5.644542574783929,
  "median_itl_ms": 5.677919834852219,
  "p99_itl_ms": 7.060371390543877,
  "mean_e2e_latency_ms": 8215.266575261921,
  "median_e2e_latency_ms": 8552.429693285376,
  "p99_e2e_latency_ms": 9045.378788607197
}