{
  "completed": 128,
  "failed": 0,
  "total_input": 1376876,
  "total_input_text": 69996,
  "total_input_vision": 1306880,
  "total_output": 4096,
  "duration_s": 111.50724678486586,
  "request_throughput": 1.1479074561580207,
  "output_throughput": 36.73303859705666,
  "mean_ttft_ms": 12937.883020331356,
  "median_ttft_ms": 13540.789620019495,
  "p99_ttft_ms": 14124.625783748925,
  "mean_itl_ms": 5.934635862978285,
  "median_itl_ms": 5.83298597484827,
  "p99_itl_ms": 6.845951061695817,
  "mean_e2e_latency_ms": 13121.361282886937,
  "median_e2e_latency_ms": 13720.752029446885,
  "p99_e2e_latency_ms": 14304.088629498148
}