{
  "completed": 128,
  "failed": 0,
  "total_input": 1376709,
  "total_input_text": 69829,
  "total_input_vision": 1306880,
  "total_output": 4096,
  "duration_s": 114.16463260399178,
  "request_throughput": 1.1211878589755517,
  "output_throughput": 35.878011487217655,
  "mean_ttft_ms": 13264.956170132791,
  "median_ttft_ms": 13869.653215166181,
  "p99_ttft_ms": 14370.613710712643,
  "mean_itl_ms": 5.799538231052969,
  "median_itl_ms": 5.831368733197451,
  "p99_itl_ms": 6.183996070176363,
  "mean_e2e_latency_ms": 13444.756530945597,
  "median_e2e_latency_ms": 14049.590326612815,
  "p99_e2e_latency_ms": 14550.71248497814
}