{
  "completed": 128,
  "failed": 0,
  "total_input": 1377005,
  "total_input_text": 70125,
  "total_input_vision": 1306880,
  "total_output": 4096,
  "duration_s": 115.43442549416795,
  "request_throughput": 1.1088546545109015,
  "output_throughput": 35.48334894434885,
  "mean_ttft_ms": 13426.169949249015,
  "median_ttft_ms": 14062.861190643162,
  "p99_ttft_ms": 14664.23961880617,
  "mean_itl_ms": 5.792764005051258,
  "median_itl_ms": 5.830405978485942,
  "p99_itl_ms": 6.215825462713838,
  "mean_e2e_latency_ms": 13605.761295450066,
  "median_e2e_latency_ms": 14242.935701739043,
  "p99_e2e_latency_ms": 14843.923130165787
}