{
  "completed": 128,
  "failed": 0,
  "total_input": 408776,
  "total_input_text": 70088,
  "total_input_vision": 338688,
  "total_output": 4096,
  "duration_s": 24.0327390069142,
  "request_throughput": 5.326067909412012,
  "output_throughput": 170.43417310118437,
  "mean_ttft_ms": 2454.1879431963025,
  "median_ttft_ms": 2523.462411016226,
  "p99_ttft_ms": 3053.7995333410804,
  "mean_itl_ms": 14.420070593752811,
  "median_itl_ms": 6.001586560159922,
  "p99_itl_ms": 83.01252926699817,
  "mean_e2e_latency_ms": 2884.4377394816547,
  "median_e2e_latency_ms": 2932.29759670794,
  "p99_e2e_latency_ms": 3489.9211782589555
}