{
  "completed": 128,
  "failed": 0,
  "total_input": 408696,
  "total_input_text": 70008,
  "total_input_vision": 338688,
  "total_output": 4096,
  "duration_s": 22.827623614110053,
  "request_throughput": 5.607241566786721,
  "output_throughput": 179.43173013717507,
  "mean_ttft_ms": 2268.4076206678583,
  "median_ttft_ms": 2316.226386697963,
  "p99_ttft_ms": 3017.5714214611803,
  "mean_itl_ms": 16.120189381400486,
  "median_itl_ms": 6.042213877663016,
  "p99_itl_ms": 83.52318471763282,
  "mean_e2e_latency_ms": 2753.2852205949894,
  "median_e2e_latency_ms": 2809.4706470146775,
  "p99_e2e_latency_ms": 3420.4246652591983
}