{
  "completed": 128,
  "failed": 0,
  "total_input": 408626,
  "total_input_text": 69938,
  "total_input_vision": 338688,
  "total_output": 4096,
  "duration_s": 22.151823401916772,
  "request_throughput": 5.77830536464661,
  "output_throughput": 184.90577166869153,
  "mean_ttft_ms": 2116.76928183806,
  "median_ttft_ms": 2155.836585443467,
  "p99_ttft_ms": 3058.402197910473,
  "mean_itl_ms": 17.905391574919722,
  "median_itl_ms": 6.162499077618122,
  "p99_itl_ms": 83.49315602332354,
  "mean_e2e_latency_ms": 2652.4046609702054,
  "median_e2e_latency_ms": 2698.0359754525125,
  "p99_e2e_latency_ms": 3472.443128759042
}