{
  "completed": 128,
  "failed": 0,
  "total_input": 295786,
  "total_input_text": 69994,
  "total_input_vision": 225792,
  "total_output": 4096,
  "duration_s": 12.91325277974829,
  "request_throughput": 9.912297248663865,
  "output_throughput": 317.1935119572437,
  "mean_ttft_ms": 7110.97603901726,
  "median_ttft_ms": 7217.660428024828,
  "p99_ttft_ms": 12343.81496539805,
  "mean_itl_ms": 51.28799865324811,
  "median_itl_ms": 36.28339106217027,
  "p99_itl_ms": 279.9998229369534,
  "mean_e2e_latency_ms": 8694.903492574667,
  "median_e2e_latency_ms": 9530.113850254565,
  "p99_e2e_latency_ms": 12585.473080109805
}