{
  "completed": 128,
  "failed": 0,
  "total_input": 295778,
  "total_input_text": 69985,
  "total_input_vision": 225793,
  "total_output": 4096,
  "duration_s": 13.14385886490345,
  "request_throughput": 9.738388194488593,
  "output_throughput": 311.62842222363497,
  "mean_ttft_ms": 7289.97650058227,
  "median_ttft_ms": 7125.413489062339,
  "p99_ttft_ms": 12372.345808055252,
  "mean_itl_ms": 61.5068282238505,
  "median_itl_ms": 56.08822591602802,
  "p99_itl_ms": 227.65134799759835,
  "mean_e2e_latency_ms": 9187.087391244859,
  "median_e2e_latency_ms": 9784.971218556166,
  "p99_e2e_latency_ms": 12695.64477479551
}