{
  "completed": 128,
  "failed": 0,
  "total_input": 295813,
  "total_input_text": 70021,
  "total_input_vision": 225792,
  "total_output": 4096,
  "duration_s": 14.326552344951779,
  "request_throughput": 8.934459381297213,
  "output_throughput": 285.9027002015108,
  "mean_ttft_ms": 8121.590071816172,
  "median_ttft_ms": 8214.659437537193,
  "p99_ttft_ms": 13726.931917099282,
  "mean_itl_ms": 35.45262278471138,
  "median_itl_ms": 36.29754297435284,
  "p99_itl_ms": 163.09296441730112,
  "mean_e2e_latency_ms": 9219.52405369666,
  "median_e2e_latency_ms": 9788.28093642369,
  "p99_e2e_latency_ms": 13985.385322328657
}