{
  "completed": 128,
  "failed": 0,
  "total_input": 2560861,
  "total_input_text": 1253981,
  "total_input_vision": 1306880,
  "total_output": 38400,
  "duration_s": 360.4808446271345,
  "request_throughput": 0.35508128076097234,
  "output_throughput": 106.52438422829171,
  "mean_ttft_ms": 2746.101049640856,
  "median_ttft_ms": 3153.095751069486,
  "p99_ttft_ms": 3507.7785678580417,
  "mean_itl_ms": 10.263321885018621,
  "median_itl_ms": 8.044949732720852,
  "p99_itl_ms": 32.21244845539332,
  "mean_e2e_latency_ms": 5631.881681263621,
  "median_e2e_latency_ms": 5614.941953681409,
  "p99_e2e_latency_ms": 6416.9755154848135
}